,unique_cust_id
0,270384
1,267750
2,275023
3,269345
4,268799
5,270787
6,274829
7,266863
8,269452
9,268934
10,269223
11,268509
12,268516
13,270351
14,267466
15,269101
16,270842
17,274987
18,275139
19,269136
20,275149
21,269772
22,267058
23,271817
24,271322
25,268229
26,267544
27,268755
28,269407
29,273023
30,271818
31,268129
32,267568
33,271608
34,268715
35,273250
36,267097
37,268492
38,273359
39,271288
40,270778
41,271030
42,274426
43,269019
44,268138
45,271250
46,271489
47,270244
48,269387
49,275108
50,271763
51,270678
52,269018
53,269162
54,269867
55,270108
56,273734
57,270294
58,274014
59,273506
60,273420
61,268592
62,273896
63,267072
64,270148
65,271509
66,274813
67,272069
68,269388
69,271875
70,271355
71,272777
72,268772
73,269014
74,273075
75,271297
76,272145
77,268867
78,271595
79,274609
80,272529
81,271368
82,268855
83,270625
84,268076
85,271658
86,271859
87,271744
88,273474
89,273763
90,274689
91,269275
92,271924
93,271061
94,268956
95,267500
96,269140
97,268136
98,271493
99,271312
100,267375
101,273174
102,274152
103,274408
104,270071
105,270263
106,273304
107,268444
108,273848
109,273598
110,273552
111,274652
112,274897
113,275246
114,267025
115,268100
116,266794
117,270810
118,271180
119,271944
120,273799
121,273322
122,269758
123,270009
124,270330
125,267524
126,274048
127,269413
128,268487
129,274880
130,269601
131,267634
132,269933
133,274345
134,269847
135,272137
136,272561
137,274526
138,268098
139,270631
140,268845
141,271872
142,271735
143,274511
144,269188
145,268995
146,267297
147,268713
148,273625
149,273646
150,271384
151,269225
152,270375
153,271683
154,270018
155,267067
156,269947
157,267463
158,272172
159,267662
160,273358
161,269776
162,269808
163,267467
164,272365
165,270111
166,266843
167,267754
168,270240
169,268364
170,271694
171,273267
172,273368
173,268402
174,274650
175,273140
176,267926
177,272143
178,273660
179,269269
180,275227
181,269950
182,270042
183,275082
184,273965
185,272395
186,270773
187,267704
188,268670
189,274917
190,272985
191,271577
192,270405
193,273083
194,272874
195,271596
196,268720
197,275104
198,275056
199,274772
200,273367
201,270178
202,269049
203,271101
204,271935
205,273363
206,273221
207,266900
208,272794
209,270072
210,272816
211,269221
212,275134
213,274369
214,270419
215,267794
216,270253
217,272672
218,271310
219,271152
220,269370
221,268606
222,273096
223,270714
224,268275
225,269711
226,268931
227,270481
228,270252
229,275225
230,269285
231,267656
232,269932
233,275196
234,272795
235,273836
236,271012
237,268569
238,272596
239,268057
240,270455
241,269537
242,275088
243,268571
244,270044
245,271583
246,269697
247,274479
248,274811
249,274554
250,273081
251,272031
252,267489
253,267045
254,271379
255,267464
256,274923
257,271426
258,273184
259,274148
260,268835
261,271367
262,274984
263,271534
264,269259
265,268635
266,267265
267,268171
268,268164
269,266820
270,270050
271,270213
272,270875
273,274653
274,272607
275,271986
276,267734
277,271328
278,269090
279,267651
280,273271
281,269476
282,272675
283,274587
284,270888
285,272463
286,273167
287,270949
288,271974
289,272105
290,269732
291,267858
292,274331
293,268047
294,272515
295,268050
296,267702
297,271176
298,270633
299,271758
300,270780
301,272996
302,273703
303,268479
304,270293
305,270526
306,269392
307,267594
308,270839
309,271972
310,275075
311,271567
312,273386
313,271304
314,273509
315,267547
316,271858
317,269831
318,271833
319,268266
320,269780
321,271500
322,267243
323,274756
324,269273
325,271294
326,268998
327,272286
328,271161
329,271224
330,273026
331,270036
332,267912
333,269524
334,275204
335,274728
336,272556
337,268211
338,269820
339,268810
340,273831
341,271283
342,267771
343,270239
344,268679
345,266918
346,274751
347,269376
348,272313
349,274952
350,270831
351,267488
352,273924
353,268996
354,271905
355,272940
356,270350
357,267991
358,271381
359,267094
360,268847
361,266853
362,271769
363,275022
364,270706
365,268352
366,271937
367,273973
368,274428
369,272482
370,274706
371,275117
372,271586
373,273798
374,270938
375,274955
376,274525
377,274978
378,267420
379,270020
380,267999
381,275136
382,275069
383,266974
384,272837
385,268027
386,269173
387,274364
388,270400
389,269964
390,272659
391,274621
392,273913
393,274747
394,271768
395,268054
396,269890
397,269873
398,268992
399,267450
400,271910
401,267164
402,274727
403,267075
404,272142
405,271490
406,273095
407,268526
408,271110
409,272549
410,268151
411,268819
412,270815
413,272336
414,271470
415,267753
416,273511
417,273251
418,267740
419,271266
420,268335
421,272508
422,272757
423,274662
424,269193
425,272973
426,275131
427,272915
428,274150
429,268565
430,271026
431,269577
432,275210
433,268467
434,271357
435,272103
436,267511
437,269612
438,272414
439,273043
440,275064
441,268548
442,269246
443,268898
444,268878
445,274187
446,271992
447,271648
448,271158
449,270413
450,267174
451,272501
452,269117
453,268923
454,271430
455,273731
456,274208
457,272924
458,273094
459,270470
460,271601
461,271280
462,275020
463,269372
464,274223
465,272328
466,268744
467,271971
468,273536
469,273791
470,266975
471,271565
472,267343
473,267105
474,271281
475,270740
476,269927
477,267301
478,268530
479,269593
480,269757
481,267001
482,266841
483,270762
484,270399
485,274814
486,267669
487,271036
488,274991
489,273397
490,273983
491,274569
492,269216
493,275215
494,270494
495,271959
496,270908
497,272326
498,271429
499,274239
500,270716
501,273077
502,272456
503,267439
504,274306
505,270535
506,267377
507,267846
508,273787
509,274480
510,269963
511,274281
512,267281
513,267935
514,274837
515,275233
516,272951
517,272993
518,270026
519,269862
520,274638
521,272059
522,268055
523,274839
524,272999
525,267621
526,269673
527,273429
528,268514
529,267905
530,267480
531,271100
532,274515
533,271448
534,266987
535,269980
536,268728
537,274594
538,273684
539,273716
540,274296
541,273331
542,273526
543,273135
544,269952
545,272144
546,271029
547,269783
548,274661
549,274725
550,269637
551,269299
552,274663
553,271352
554,267925
555,267282
556,274323
557,271107
558,272019
559,275197
560,270445
561,273804
562,269636
563,270873
564,272399
565,273123
566,274868
567,267978
568,268408
569,271668
570,274518
571,269449
572,274618
573,271850
574,272280
575,267832
576,269060
577,269715
578,271380
579,267522
580,268021
581,271233
582,267536
583,267143
584,269393
585,268160
586,274292
587,272662
588,269363
589,271664
590,275157
591,268169
592,272815
593,269069
594,269988
595,270160
596,274326
597,271302
598,273234
599,272906
600,267592
601,270865
602,271232
603,274718
604,269213
605,273299
606,271821
607,266827
608,269171
609,268904
610,273698
611,269437
612,272410
613,272243
614,268968
615,272264
616,274268
617,268740
618,272077
619,273917
620,270092
621,267938
622,268951
623,274948
624,270360
625,271045
626,272514
627,274221
628,275163
629,268046
630,272702
631,271729
632,266966
633,267781
634,269664
635,274521
636,273546
637,270226
638,270262
639,268090
640,274099
641,266799
642,272869
643,270181
644,269300
645,267344
646,269228
647,272228
648,272200
649,268727
650,267631
651,272900
652,273220
653,273928
654,266911
655,270766
656,274865
657,274789
658,273156
659,274792
660,269894
661,268097
662,268497
663,267667
664,271810
665,267666
666,274226
667,267379
668,274963
669,267106
670,272928
671,268366
672,271927
673,273615
674,269902
675,271722
676,273354
677,271166
678,271406
679,274243
680,273237
681,271749
682,272133
683,270074
684,272889
685,269935
686,268910
687,268346
688,273692
689,272465
690,267316
691,273325
692,274052
693,274927
694,270407
695,268562
696,273570
697,267425
698,270867
699,268288
700,273486
701,271674
702,275181
703,272292
704,272744
705,269236
706,270378
707,270320
708,270087
709,269361
710,275092
711,270907
712,273748
713,267807
714,272375
715,274778
716,267864
717,272998
718,267004
719,273355
720,267721
721,272209
722,269007
723,269703
724,270519
725,273861
726,271888
727,274832
728,270619
729,270447
730,273564
731,273350
732,269568
733,271679
734,270064
735,267840
736,267613
737,271200
738,269083
739,274644
740,270066
741,273058
742,268627
743,272067
744,270616
745,272070
746,267749
747,272165
748,271656
749,269439
750,267661
751,269329
752,272598
753,271428
754,273659
755,270347
756,275159
757,269020
758,269365
759,270695
760,269348
761,269536
762,273436
763,273879
764,271701
765,273310
766,268894
767,269420
768,273472
769,268886
770,268863
771,273627
772,275068
773,274568
774,268722
775,274767
776,274734
777,269788
778,273963
779,269518
780,275194
781,267426
782,267888
783,273857
784,274655
785,268710
786,272742
787,269003
788,271262
789,267361
790,269679
791,269355
792,275060
793,270709
794,269304
795,273771
796,272797
797,268202
798,272718
799,267203
800,273652
801,270371
802,273230
803,271898
804,272081
805,267446
806,267701
807,273127
808,266857
809,268025
810,273623
811,272339
812,273254
813,274092
814,273106
815,267786
816,271346
817,269122
818,273745
819,267148
820,269966
821,272932
822,272317
823,266917
824,266825
825,272255
826,273160
827,268144
828,268284
829,275043
830,271793
831,268880
832,272437
833,270376
834,268421
835,268268
836,271733
837,272201
838,270724
839,268915
840,269561
841,270615
842,274715
843,269125
844,268887
845,272127
846,270396
847,272846
848,274016
849,270059
850,269455
851,273279
852,275188
853,268545
854,267134
855,268431
856,274046
857,272864
858,274084
859,268494
860,274934
861,268004
862,270156
863,269519
864,271920
865,273399
866,268538
867,272584
868,270446
869,269541
870,267959
871,269264
872,274053
873,269603
874,269768
875,275252
876,272331
877,270041
878,271854
879,271092
880,269301
881,271737
882,270541
883,273541
884,271614
885,271051
886,268504
887,271461
888,268860
889,274303
890,269545
891,268174
892,267665
893,272679
894,270241
895,272153
896,272671
897,270313
898,269495
899,274425
900,269967
901,273119
902,272721
903,270666
904,272047
905,271122
906,269445
907,272532
908,271978
909,272559
910,270647
911,271485
912,274481
913,270573
914,270292
915,269555
916,274355
917,272500
918,273553
919,271169
920,267974
921,270458
922,273016
923,271790
924,274119
925,271077
926,272683
927,274246
928,269297
929,268424
930,271764
931,268510
932,267188
933,267465
934,268884
935,271467
936,269244
937,269843
938,267139
939,267527
940,270331
941,268757
942,274380
943,267683
944,272316
945,270585
946,266923
947,268186
948,271784
949,267433
950,270951
951,269100
952,272765
953,267576
954,274817
955,270461
956,272847
957,272823
958,268776
959,269509
960,267801
961,268436
962,273972
963,269283
964,268706
965,267775
966,273162
967,274941
968,274022
969,269982
970,272387
971,270155
972,274222
973,273463
974,269983
975,272759
976,275231
977,273065
978,272373
979,272021
980,269973
981,273780
982,268991
983,267985
984,268572
985,274047
986,272248
987,267811
988,267844
989,273931
990,267745
991,271632
992,273258
993,267825
994,273060
995,273014
996,268671
997,269318
998,271238
999,271358
1000,269190
1001,274318
1002,270281
1003,274445
1004,274986
1005,268011
1006,274398
1007,274302
1008,267769
1009,273459
1010,270163
1011,274121
1012,274227
1013,269038
1014,274988
1015,274870
1016,270003
1017,272511
1018,274411
1019,268344
1020,273587
1021,271699
1022,269332
1023,274244
1024,274234
1025,270398
1026,274929
1027,273403
1028,272212
1029,271383
1030,271961
1031,270809
1032,271498
1033,269563
1034,273796
1035,273918
1036,268104
1037,270603
1038,270583
1039,268946
1040,273306
1041,267167
1042,271762
1043,268829
1044,271120
1045,274854
1046,271726
1047,271153
1048,274842
1049,269305
1050,269883
1051,272841
1052,273599
1053,269042
1054,267156
1055,269454
1056,272197
1057,270333
1058,269411
1059,267337
1060,274849
1061,271636
1062,272436
1063,273608
1064,271364
1065,268876
1066,274101
1067,274629
1068,270397
1069,272617
1070,271988
1071,268817
1072,271293
1073,268664
1074,267413
1075,273785
1076,271669
1077,270829
1078,272585
1079,274171
1080,268767
1081,270823
1082,273423
1083,272262
1084,275091
1085,274860
1086,267643
1087,268593
1088,272438
1089,269457
1090,270151
1091,272813
1092,270402
1093,272503
1094,270086
1095,267286
1096,267306
1097,267877
1098,272520
1099,273248
1100,274017
1101,272970
1102,268895
1103,272403
1104,267191
1105,270159
1106,267293
1107,269959
1108,274795
1109,267014
1110,269270
1111,270779
1112,273219
1113,269328
1114,273740
1115,270356
1116,269139
1117,269922
1118,268392
1119,274630
1120,273170
1121,273709
1122,267891
1123,274627
1124,269073
1125,271519
1126,270872
1127,268708
1128,269819
1129,273342
1130,269501
1131,274338
1132,268082
1133,268204
1134,271011
1135,269178
1136,274128
1137,272622
1138,272475
1139,274808
1140,272054
1141,268661
1142,267322
1143,272526
1144,274322
1145,274455
1146,273582
1147,267051
1148,274673
1149,272314
1150,274493
1151,269793
1152,268544
1153,266870
1154,269119
1155,274166
1156,275214
1157,270493
1158,272148
1159,269311
1160,272411
1161,271714
1162,270432
1163,270935
1164,268741
1165,275186
1166,272807
1167,267583
1168,271612
1169,274294
1170,267189
1171,269057
1172,270756
1173,274559
1174,271424
1175,268481
1176,268387
1177,271103
1178,274145
1179,275137
1180,271697
1181,271549
1182,272088
1183,274761
1184,272428
1185,267802
1186,270563
1187,274219
1188,273366
1189,274362
1190,273539
1191,268080
1192,273644
1193,273930
1194,274437
1195,272741
1196,267498
1197,273088
1198,268632
1199,272327
1200,266888
1201,268003
1202,274096
1203,266806
1204,270005
1205,273296
1206,272580
1207,269396
1208,274722
1209,267924
1210,274192
1211,267915
1212,274259
1213,271721
1214,268595
1215,273302
1216,268669
1217,269655
1218,272883
1219,271317
1220,270496
1221,271139
1222,268250
1223,271702
1224,272820
1225,270884
1226,271154
1227,271059
1228,270889
1229,269474
1230,274976
1231,271018
1232,270433
1233,268092
1234,272703
1235,270450
1236,269929
1237,269729
1238,272670
1239,270091
1240,271066
1241,273205
1242,272098
1243,269948
1244,274339
1245,266878
1246,268360
1247,267199
1248,268804
1249,266901
1250,273693
1251,269500
1252,269400
1253,272809
1254,274943
1255,273308
1256,271425
1257,269719
1258,271313
1259,274090
1260,275018
1261,267817
1262,274700
1263,274688
1264,267635
1265,274645
1266,269200
1267,273737
1268,268796
1269,269716
1270,274592
1271,268716
1272,272929
1273,273708
1274,267211
1275,270710
1276,270864
1277,266958
1278,270344
1279,272198
1280,271488
1281,274204
1282,269708
1283,267792
1284,273768
1285,268016
1286,272440
1287,268936
1288,271404
1289,269657
1290,273027
1291,270895
1292,275172
1293,267673
1294,273934
1295,269306
1296,270406
1297,273824
1298,273907
1299,267053
1300,274460
1301,273908
1302,272724
1303,269979
1304,271236
1305,269516
1306,274657
1307,268885
1308,267247
1309,272122
1310,273500
1311,273440
1312,274748
1313,270387
1314,274824
1315,268812
1316,267886
1317,272470
1318,270539
1319,271353
1320,267508
1321,274059
1322,267768
1323,267307
1324,274902
1325,273099
1326,270258
1327,266855
1328,274463
1329,267208
1330,271377
1331,267019
1332,269005
1333,272629
1334,270976
1335,268024
1336,273194
1337,267629
1338,274724
1339,268874
1340,274810
1341,271544
1342,272555
1343,271239
1344,270372
1345,275048
1346,274153
1347,269677
1348,271868
1349,274523
1350,270744
1351,271441
1352,267682
1353,267264
1354,268243
1355,271981
1356,270210
1357,273217
1358,267655
1359,272638
1360,268438
1361,274786
1362,272086
1363,273155
1364,271873
1365,271582
1366,272117
1367,270608
1368,271046
1369,272775
1370,273270
1371,267226
1372,270484
1373,274685
1374,268369
1375,274956
1376,272217
1377,275025
1378,272308
1379,273958
1380,271862
1381,269661
1382,269766
1383,274334
1384,274790
1385,272547
1386,269394
1387,271665
1388,271014
1389,274492
1390,273682
1391,274780
1392,272188
1393,267653
1394,267983
1395,271760
1396,273229
1397,271816
1398,269972
1399,267332
1400,269647
1401,274044
1402,272038
1403,271663
1404,269483
1405,270590
1406,272722
1407,270256
1408,274058
1409,268412
1410,269659
1411,274828
1412,271995
1413,268379
1414,266842
1415,267595
1416,267287
1417,270441
1418,267727
1419,271650
1420,274646
1421,274702
1422,268478
1423,271985
1424,269709
1425,267808
1426,274707
1427,271360
1428,272342
1429,272237
1430,272726
1431,272186
1432,272222
1433,271893
1434,272493
1435,271399
1436,274019
1437,273554
1438,268457
1439,267783
1440,272536
1441,273213
1442,270670
1443,268901
1444,266846
1445,267395
1446,273112
1447,274925
1448,271181
1449,268731
1450,272878
1451,269521
1452,269960
1453,275229
1454,268393
1455,268827
1456,272771
1457,274055
1458,274589
1459,272354
1460,272948
1461,275016
1462,268458
1463,271344
1464,272305
1465,275057
1466,269791
1467,268973
1468,267048
1469,274384
1470,271104
1471,269367
1472,274524
1473,267542
1474,272589
1475,266892
1476,267490
1477,272590
1478,266824
1479,267806
1480,269596
1481,269600
1482,274293
1483,273976
1484,268567
1485,273968
1486,267032
1487,274278
1488,269830
1489,272343
1490,274077
1491,267016
1492,273922
1493,270404
1494,268502
1495,269497
1496,270687
1497,272652
1498,274583
1499,267642
1500,269316
1501,269998
1502,273149
1503,269958
1504,271085
1505,269691
1506,270705
1507,270119
1508,269055
1509,267237
1510,269091
1511,274805
1512,274624
1513,273364
1514,275090
1515,267718
1516,271041
1517,271418
1518,269997
1519,269417
1520,266906
1521,273360
1522,270833
1523,268943
1524,272207
1525,271738
1526,271613
1527,270460
1528,274456
1529,270751
1530,274008
1531,270257
1532,269155
1533,269307
1534,268501
1535,270131
1536,269463
1537,268589
1538,268628
1539,268536
1540,268515
1541,274274
1542,272833
1543,270632
1544,274490
1545,270894
1546,268203
1547,275244
1548,273453
1549,269849
1550,274433
1551,272857
1552,275230
1553,269233
1554,267135
1555,271568
1556,274806
1557,269987
1558,273803
1559,269906
1560,272404
1561,266935
1562,270503
1563,274462
1564,267291
1565,272168
1566,268354
1567,267338
1568,272858
1569,267971
1570,269466
1571,273645
1572,273906
1573,274896
1574,270741
1575,268575
1576,268145
1577,274073
1578,272738
1579,273575
1580,273017
1581,269926
1582,271589
1583,269352
1584,268953
1585,269623
1586,267126
1587,273328
1588,268221
1589,269860
1590,267320
1591,270803
1592,271298
1593,273807
1594,274533
1595,271222
1596,269916
1597,267700
1598,273569
1599,272528
1600,269160
1601,271049
1602,274755
1603,269586
1604,267842
1605,273071
1606,272006
1607,269438
1608,269274
1609,267977
1610,273347
1611,267152
1612,268391
1613,274376
1614,269639
1615,273198
1616,272441
1617,274117
1618,273862
1619,268377
1620,267216
1621,274270
1622,274265
1623,271311
1624,273290
1625,267230
1626,271249
1627,272442
1628,270811
1629,269451
1630,267952
1631,270861
1632,275073
1633,270093
1634,272111
1635,269219
1636,272485
1637,267442
1638,267256
1639,268106
1640,272337
1641,266910
1642,272379
1643,272253
1644,272912
1645,272279
1646,267680
1647,268697
1648,271511
1649,273916
1650,267504
1651,269646
1652,274130
1653,272252
1654,270551
1655,268419
1656,268533
1657,269111
1658,268153
1659,272665
1660,270550
1661,269602
1662,269650
1663,266942
1664,269212
1665,273767
1666,271876
1667,272965
1668,271916
1669,268918
1670,269897
1671,269106
1672,270801
1673,268445
1674,271620
1675,270947
1676,272615
1677,270658
1678,269624
1679,271834
1680,273999
1681,272420
1682,273378
1683,272731
1684,272488
1685,269034
1686,272341
1687,268615
1688,273971
1689,272949
1690,270401
1691,267649
1692,267962
1693,267972
1694,271040
1695,268701
1696,267180
1697,273938
1698,269613
1699,272768
1700,274913
1701,269832
1702,268852
1703,268608
1704,271389
1705,272473
1706,270966
1707,266822
1708,272566
1709,272003
1710,274209
1711,274596
1712,268786
1713,267349
1714,271214
1715,270672
1716,271811
1717,271099
1718,272678
1719,267447
1720,274313
1721,273122
1722,268148
1723,268044
1724,268078
1725,268133
1726,268692
1727,270530
1728,273551
1729,273510
1730,267913
1731,266919
1732,268546
1733,267552
1734,273900
1735,274981
1736,271496
1737,270571
1738,271554
1739,269362
1740,273489
1741,268149
1742,273181
1743,269565
1744,274579
1745,274496
1746,269879
1747,272954
1748,267364
1749,267697
1750,271076
1751,268220
1752,268486
1753,270870
1754,273115
1755,273398
1756,271314
1757,267100
1758,272415
1759,271192
1760,275066
1761,273631
1762,271144
1763,270316
1764,274156
1765,270690
1766,271437
1767,274909
1768,274163
1769,268676
1770,267707
1771,269241
1772,273889
1773,273456
1774,269805
1775,273473
1776,268699
1777,269904
1778,271742
1779,267550
1780,268269
1781,274900
1782,273404
1783,275261
1784,267987
1785,267183
1786,271054
1787,273596
1788,268456
1789,267028
1790,271968
1791,271516
1792,271398
1793,271213
1794,275096
1795,267268
1796,268159
1797,274351
1798,271363
1799,267637
1800,274541
1801,267160
1802,273781
1803,267830
1804,271184
1805,269245
1806,273959
1807,270146
1808,268368
1809,272348
1810,273977
1811,273702
1812,274901
1813,272896
1814,273233
1815,269717
1816,272417
1817,274590
1818,272825
1819,273051
1820,274431
1821,269240
1822,267738
1823,266937
1824,275148
1825,270906
1826,273726
1827,272358
1828,268815
1829,274862
1830,269925
1831,267644
1832,271788
1833,267103
1834,268500
1835,274548
1836,269640
1837,268345
1838,267903
1839,269484
1840,269205
1841,274181
1842,272939
1843,270612
1844,273395
1845,274759
1846,268732
1847,274647
1848,269629
1849,274551
1850,267652
1851,274175
1852,271671
1853,273992
1854,269694
1855,275130
1856,270462
1857,274615
1858,268933
1859,270437
1860,270100
1861,268582
1862,273175
1863,267657
1864,272518
1865,271047
1866,271982
1867,268008
1868,270523
1869,271422
1870,275247
1871,273503
1872,270657
1873,273319
1874,268723
1875,272192
1876,270937
1877,267970
1878,271031
1879,268830
1880,272230
1881,272363
1882,268698
1883,273076
1884,269859
1885,267555
1886,273823
1887,270268
1888,271705
1889,269249
1890,272299
1891,272079
1892,267528
1893,268826
1894,271825
1895,267093
1896,270076
1897,268350
1898,267617
1899,269147
1900,268348
1901,273727
1902,268924
1903,270576
1904,267827
1905,270828
1906,274894
1907,272666
1908,270597
1909,272761
1910,275093
1911,270771
1912,274840
1913,269135
1914,271210
1915,274972
1916,274279
1917,274098
1918,272425
1919,267049
1920,273495
1921,273761
1922,267246
1923,268385
1924,271643
1925,269423
1926,268383
1927,272349
1928,268415
1929,271137
1930,273507
1931,272494
1932,272887
1933,268997
1934,272369
1935,269235
1936,269727
1937,268848
1938,270655
1939,267437
1940,267358
1941,275226
1942,270030
1943,275116
1944,273518
1945,272476
1946,268624
1947,268881
1948,273287
1949,270310
1950,267073
1951,273683
1952,269331
1953,275165
1954,272938
1955,269013
1956,271923
1957,269875
1958,269016
1959,270061
1960,267236
1961,268654
1962,267772
1963,267540
1964,270588
1965,266883
1966,267836
1967,274060
1968,274802
1969,271392
1970,272357
1971,271789
1972,272943
1973,267327
1974,274068
1975,269094
1976,267852
1977,274603
1978,274602
1979,273986
1980,269789
1981,267309
1982,268858
1983,273373
1984,270561
1985,271292
1986,271587
1987,271675
1988,267558
1989,274110
1990,268376
1991,271201
1992,273231
1993,269460
1994,272322
1995,269239
1996,272704
1997,271185
1998,271160
1999,272839
2000,273686
2001,272267
2002,270662
2003,273150
2004,273832
2005,272497
2006,273707
2007,268534
2008,267622
2009,268792
2010,273882
2011,272478
2012,267261
2013,272540
2014,267748
2015,268825
2016,271175
2017,272987
2018,269087
2019,270917
2020,271037
2021,268081
2022,273435
2023,268823
2024,267010
2025,271736
2026,268196
2027,267760
2028,275152
2029,270216
2030,268137
2031,271112
2032,270788
2033,271274
2034,273400
2035,274804
2036,274079
2037,274468
2038,273521
2039,267359
2040,269877
2041,269218
2042,272427
2043,275183
2044,267112
2045,272542
2046,267588
2047,272032
2048,274325
2049,272418
2050,269631
2051,273168
2052,271106
2053,271673
2054,267240
2055,273586
2056,271216
2057,271824
2058,269142
2059,266818
2060,273822
2061,274006
2062,270663
2063,267119
2064,266819
2065,267904
2066,268659
2067,273481
2068,267743
2069,274878
2070,267615
2071,272533
2072,268089
2073,271951
2074,269726
2075,271187
2076,275187
2077,272352
2078,267020
2079,269846
2080,270758
2081,268540
2082,269498
2083,266972
2084,267664
2085,271515
2086,267534
2087,275024
2088,268286
2089,267470
2090,274071
2091,270549
2092,271062
2093,274608
2094,273600
2095,272886
2096,272449
2097,275257
2098,268026
2099,271318
2100,273987
2101,273214
2102,269611
2103,272189
2104,272431
2105,272564
2106,270152
2107,270357
2108,266997
2109,271492
2110,274863
2111,272353
2112,269914
2113,269078
2114,271091
2115,267235
2116,272118
2117,270353
2118,270080
2119,274420
2120,271618
2121,268581
2122,270558
2123,268522
2124,267606
2125,274542
2126,272242
2127,268945
2128,274926
2129,268523
2130,271541
2131,267620
2132,270141
2133,269491
2134,273128
2135,275009
2136,268828
2137,270733
2138,273673
2139,268683
2140,270775
2141,270049
2142,267503
2143,271501
2144,270933
2145,269845
2146,268447
2147,270568
2148,274782
2149,268597
2150,271969
2151,267162
2152,274461
2153,272396
2154,267432
2155,271994
2156,274357
2157,269532
2158,273790
2159,275040
2160,269588
2161,275178
2162,271950
2163,273352
2164,273330
2165,267430
2166,269842
2167,269794
2168,270142
2169,268612
2170,274348
2171,270140
2172,274359
2173,268859
2174,274886
2175,273602
2176,268319
2177,271241
2178,268199
2179,273515
2180,267815
2181,274093
2182,271918
2183,268302
2184,269479
2185,273010
2186,273183
2187,274147
2188,272546
2189,267668
2190,274699
2191,274025
2192,274317
2193,272648
2194,268638
2195,270786
2196,268140
2197,270034
2198,272506
2199,267598
2200,269124
2201,268069
2202,273103
2203,268139
2204,274023
2205,270002
2206,267325
2207,270282
2208,273278
2209,266823
2210,271020
2211,269675
2212,270919
2213,274787
2214,271757
2215,270264
2216,269837
2217,274573
2218,274476
2219,268108
2220,270914
2221,273121
2222,271903
2223,269965
2224,272245
2225,273414
2226,267182
2227,270699
2228,274184
2229,270311
2230,269184
2231,270502
2232,271808
2233,273839
2234,269481
2235,274899
2236,268649
2237,270877
2238,268157
2239,267043
2240,269529
2241,274681
2242,269399
2243,267747
2244,267646
2245,267596
2246,270476
2247,267173
2248,270120
2249,272822
2250,269047
2251,267266
2252,269333
2253,272640
2254,269076
2255,273674
2256,268200
2257,268251
2258,269051
2259,273945
2260,269286
2261,266952
2262,273718
2263,274969
2264,267778
2265,268245
2266,273936
2267,267177
2268,272412
2269,270334
2270,270753
2271,268218
2272,267867
2273,274519
2274,272843
2275,268442
2276,275114
2277,270641
2278,266816
2279,271417
2280,267248
2281,268143
2282,269981
2283,268232
2284,274575
2285,268681
2286,267793
2287,268684
2288,270004
2289,267538
2290,270856
2291,271707
2292,272424
2293,269189
2294,270598
2295,269089
2296,272661
2297,267757
2298,273950
2299,273207
2300,268329
2301,271253
2302,271479
2303,267113
2304,270581
2305,269886
2306,268800
2307,271584
2308,271748
2309,273381
2310,268225
2311,271087
2312,268763
2313,266999
2314,272260
2315,272774
2316,273385
2317,273482
2318,272355
2319,271063
2320,270927
2321,271147
2322,273522
2323,274199
2324,273929
2325,267122
2326,273612
2327,270834
2328,266992
2329,272002
2330,275192
2331,268640
2332,274679
2333,268549
2334,268328
2335,266785
2336,272018
2337,271375
2338,274939
2339,275216
2340,270594
2341,267920
2342,273236
2343,267419
2344,267611
2345,271914
2346,273878
2347,268633
2348,268068
2349,269253
2350,270718
2351,268032
2352,268813
2353,272495
2354,270992
2355,268639
2356,271698
2357,274196
2358,267714
2359,270162
2360,268657
2361,273679
2362,274716
2363,270776
2364,272926
2365,270722
2366,268060
2367,270218
2368,273005
2369,271945
2370,269050
2371,271766
2372,268663
2373,273531
2374,267345
2375,269798
2376,271990
2377,271162
2378,268033
2379,273890
2380,266862
2381,271269
2382,269888
2383,270677
2384,267021
2385,270544
2386,269261
2387,271634
2388,270176
2389,271459
2390,268920
2391,270069
2392,267245
2393,267017
2394,267677
2395,267378
2396,267346
2397,269024
2398,272152
2399,271716
2400,274510
2401,267042
2402,270578
2403,271174
2404,266939
2405,269861
2406,273417
2407,271617
2408,268077
2409,273664
2410,270457
2411,269559
2412,272773
2413,272062
2414,275206
2415,267163
2416,273337
2417,269267
2418,274155
2419,269010
2420,268131
2421,272450
2422,273935
2423,271002
2424,274182
2425,272664
2426,270998
2427,274081
2428,273240
2429,273285
2430,273795
2431,268603
2432,268869
2433,267742
2434,274656
2435,275245
2436,272603
2437,270852
2438,272921
2439,268313
2440,271460
2441,271657
2442,273662
2443,270328
2444,267383
2445,270425
2446,266809
2447,272426
2448,269182
2449,273120
2450,271275
2451,274264
2452,271427
2453,272708
2454,267108
2455,269674
2456,267756
2457,272163
2458,270121
2459,267302
2460,266896
2461,270967
2462,272055
2463,269480
2464,268958
2465,272799
2466,272297
2467,267278
2468,268977
2469,271510
2470,270139
2471,273030
2472,270980
2473,272274
2474,269181
2475,268476
2476,271558
2477,273318
2478,267711
2479,273171
2480,275170
2481,274327
2482,269564
2483,268756
2484,271555
2485,268984
2486,271050
2487,271867
2488,271331
2489,271599
2490,272937
2491,269252
2492,274966
2493,273847
2494,274144
2495,275174
2496,272241
2497,267853
2498,273101
2499,267960
2500,272879
2501,269214
2502,273040
2503,269175
2504,269767
2505,274535
2506,266895
2507,269971
2508,275072
2509,268842
2510,268430
2511,268056
2512,272621
2513,275062
2514,273380
2515,268795
2516,271889
2517,274877
2518,268656
2519,274072
2520,273505
2521,270143
2522,273711
2523,274580
2524,274990
2525,269910
2526,267436
2527,274605
2528,270098
2529,271891
2530,271198
2531,273045
2532,268879
2533,269739
2534,271251
2535,273728
2536,270469
2537,267856
2538,267176
2539,269473
2540,274486
2541,267329
2542,272729
2543,272193
2544,275162
2545,267479
2546,271672
2547,269254
2548,275083
2549,267102
2550,266815
2551,273346
2552,271718
2553,273744
2554,268981
2555,274260
2556,269737
2557,274465
2558,269539
2559,272687
2560,268093
2561,272063
2562,273962
2563,267898
2564,271177
2565,272386
2566,273595
2567,270511
2568,274176
2569,271345
2570,270037
2571,269652
2572,270272
2573,269513
2574,269870
2575,274186
2576,269680
2577,272223
2578,273793
2579,272642
2580,267151
2581,268609
2582,269490
2583,269736
2584,272801
2585,270285
2586,270860
2587,273455
2588,267512
2589,268975
2590,274422
2591,267976
2592,274507
2593,274512
2594,268969
2595,266916
2596,268418
2597,268994
2598,271687
2599,270055
2600,272181
2601,266887
2602,269618
2603,272689
2604,268029
2605,267015
2606,274884
2607,274134
2608,268853
2609,273307
2610,269161
2611,269606
2612,273264
2613,273562
2614,272359
2615,272383
2616,267681
2617,274027
2618,270473
2619,275218
2620,267023
2621,273647
2622,270555
2623,266959
2624,274701
2625,274069
2626,273739
2627,269385
2628,274471
2629,272151
2630,268734
2631,274703
2632,270321
2633,271887
2634,274435
2635,267835
2636,270684
2637,267000
2638,273993
2639,274367
2640,268449
2641,267234
2642,273910
2643,272371
2644,271261
2645,270602
2646,267698
2647,274719
2648,271243
2649,267227
2650,272863
2651,268353
2652,267883
2653,270246
2654,268629
2655,272116
2656,274076
2657,274616
2658,273783
2659,271606
2660,274708
2661,268299
2662,269168
2663,269528
2664,272128
2665,274056
2666,275179
2667,271806
2668,269734
2669,268161
2670,270892
2671,270234
2672,272660
2673,272910
2674,274180
2675,270512
2676,275007
2677,266957
2678,271055
2679,274641
2680,274370
2681,268359
2682,269192
2683,268363
2684,270880
2685,272037
2686,271580
2687,274074
2688,272046
2689,273661
2690,269580
2691,271964
2692,268974
2693,269054
2694,271279
2695,267099
2696,274021
2697,273952
2698,269310
2699,272174
2700,275141
2701,275081
2702,275002
2703,270812
2704,275049
2705,269183
2706,266920
2707,273821
2708,270053
2709,268505
2710,270144
2711,269591
2712,271315
2713,266829
2714,274924
2715,270743
2716,270955
2717,269747
2718,274682
2719,268658
2720,268821
2721,268180
2722,267574
2723,273656
2724,268783
2725,271168
2726,273543
2727,267990
2728,272187
2729,269499
2730,273969
2731,269645
2732,271989
2733,267252
2734,270968
2735,272474
2736,273225
2737,267586
2738,267251
2739,269356
2740,268037
2741,274314
2742,271159
2743,270540
2744,273190
2745,266953
2746,273574
2747,275249
2748,269293
2749,269574
2750,275184
2751,270206
2752,267088
2753,271576
2754,273141
2755,270477
2756,272535
2757,272690
2758,269442
2759,272544
2760,272593
2761,270506
2762,269836
2763,274740
2764,268928
2765,273903
2766,270327
2767,272261
2768,275250
2769,269485
2770,273638
2771,275034
2772,273997
2773,269864
2774,272981
2775,272653
2776,271452
2777,267024
2778,268560
2779,271410
2780,266986
2781,271116
2782,272978
2783,270944
2784,267618
2785,274552
2786,274825
2787,273052
2788,267347
2789,269573
2790,269279
2791,269266
2792,268048
2793,273125
2794,272136
2795,270700
2796,271145
2797,274604
2798,269760
2799,267165
2800,269079
2801,273437
2802,267674
2803,267739
2804,273733
2805,267224
2806,268922
2807,274003
2808,269723
2809,270983
2810,271563
2811,272961
2812,268746
2813,272699
2814,267117
2815,275051
2816,271866
2817,267950
2818,269962
2819,267387
2820,266945
2821,268323
2822,273151
2823,270184
2824,270012
2825,274452
2826,275151
2827,273640
2828,270985
2829,269015
2830,270926
2831,271205
2832,272434
2833,269742
2834,270768
2835,271635
2836,270324
2837,267975
2838,269422
2839,274114
2840,274177
2841,269368
2842,272045
2843,270964
2844,268690
2845,270738
2846,272513
2847,271042
2848,270830
2849,272922
2850,275167
2851,266931
2852,270486
2853,268372
2854,272618
2855,268333
2856,273357
2857,270792
2858,267462
2859,270008
2860,267390
2861,270338
2862,270688
2863,267894
2864,273805
2865,268930
2866,268332
2867,273166
2868,267429
2869,267231
2870,268279
2871,267478
2872,271661
2873,269002
2874,271321
2875,274136
2876,268688
2877,272739
2878,273391
2879,270060
2880,268807
2881,267453
2882,267639
2883,273428
2884,269868
2885,268987
2886,268840
2887,271323
2888,272479
2889,273019
2890,273477
2891,274801
2892,269750
2893,271813
2894,273034
2895,269526
2896,269681
2897,273131
2898,270410
2899,269196
2900,271527
2901,272545
2902,269503
2903,273032
2904,273548
2905,274930
2906,269191
2907,274459
2908,274731
2909,273588
2910,271846
2911,267782
2912,270416
2913,275173
2914,268193
2915,274129
2916,269754
2917,274816
2918,271975
2919,270388
2920,268062
2921,270374
2922,268660
2923,272208
2924,267455
2925,271487
2926,271356
2927,271771
2928,273185
2929,268941
2930,270362
2931,275122
2932,266830
2933,269088
2934,271772
2935,268871
2936,268543
2937,274487
2938,269302
2939,274457
2940,274319
2941,273172
2942,269604
2943,267385
2944,267995
2945,267146
2946,269669
2947,269999
2948,272225
2949,268513
2950,268779
2951,273222
2952,273484
2953,270981
2954,270164
2955,270298
2956,274543
2957,269001
2958,268282
2959,275153
2960,270430
2961,270212
2962,271225
2963,270693
2964,272009
2965,273478
2966,273960
2967,271717
2968,270920
2969,268644
2970,269172
2971,273606
2972,272696
2973,270520
2974,274591
2975,269158
2976,269403
2977,271245
2978,267890
2979,268506
2980,275035
2981,268464
2982,270491
2983,272663
2984,275241
2985,273618
2986,269390
2987,274757
2988,267408
2989,272767
2990,271719
2991,275224
2992,274556
2993,268983
2994,269520
2995,268908
2996,274853
2997,272740
2998,271682
2999,270562
3000,269313
3001,271942
3002,272378
3003,269006
3004,270772
3005,272048
3006,269257
3007,267296
3008,266854
3009,274475
3010,270326
3011,271688
3012,273555
3013,267280
3014,273899
3015,274236
3016,271559
3017,270303
3018,267690
3019,272842
3020,275154
3021,270203
3022,273719
3023,272919
3024,267475
3025,269375
3026,274809
3027,267356
3028,275265
3029,270172
3030,271150
3031,268521
3032,271832
3033,272982
3034,270453
3035,270565
3036,267805
3037,273760
3038,272094
3039,269104
3040,269884
3041,274881
3042,274484
3043,272766
3044,268274
3045,267517
3046,271512
3047,274432
3048,271814
3049,267406
3050,270692
3051,268411
3052,269511
3053,273695
3054,274224
3055,269913
3056,273038
3057,267907
3058,269471
3059,272080
3060,272803
3061,269134
3062,273492
3063,269145
3064,273053
3065,274770
3066,274875
3067,267604
3068,268461
3069,269195
3070,269991
3071,275123
3072,273927
3073,268672
3074,275089
3075,270039
3076,272639
3077,266867
3078,269844
3079,268292
3080,270963
3081,267499
3082,267328
3083,274211
3084,274395
3085,273714
3086,271348
3087,268617
3088,271514
3089,268952
3090,269036
3091,268177
3092,270582
3093,269373
3094,273257
3095,273410
3096,271690
3097,272752
3098,271626
3099,271108
3100,274261
3101,270653
3102,267233
3103,268371
3104,274549
3105,268490
3106,271770
3107,274876
3108,275006
3109,269026
3110,274310
3111,267158
3112,273914
3113,270742
3114,272416
3115,267497
3116,267002
3117,266814
3118,267597
3119,272402
3120,268493
3121,274649
3122,269453
3123,269174
3124,273579
3125,272933
3126,267172
3127,269440
3128,271911
3129,272565
3130,267214
3131,267939
3132,270428
3133,270770
3134,268512
3135,274149
3136,270463
3137,266921
3138,267272
3139,269692
3140,269773
3141,274168
3142,270924
3143,273911
3144,273905
3145,274194
3146,270572
3147,267323
3148,268167
3149,270424
3150,268899
3151,269544
3152,269008
3153,267486
3154,272855
3155,270735
3156,268535
3157,271028
3158,274539
3159,268305
3160,271414
3161,268061
3162,270168
3163,268014
3164,271965
3165,271111
3166,272676
3167,271267
3168,267217
3169,267169
3170,275000
3171,271543
3172,272645
3173,271039
3174,267565
3175,272892
3176,266864
3177,271407
3178,274066
3179,267814
3180,274534
3181,274723
3182,270858
3183,270337
3184,267129
3185,271966
3186,269821
3187,269506
3188,272821
3189,268226
3190,270391
3191,275144
3192,267107
3193,268147
3194,272356
3195,269547
3196,272219
3197,275111
3198,268205
3199,268477
3200,272159
3201,273894
3202,274654
3203,274566
3204,268351
3205,274576
3206,268327
3207,273372
3208,269848
3209,267918
3210,274632
3211,271306
3212,266810
3213,269320
3214,272075
3215,271188
3216,267348
3217,273490
3218,274791
3219,269683
3220,274118
3221,274415
3222,274914
3223,272043
3224,274412
3225,269718
3226,268751
3227,272911
3228,272634
3229,268301
3230,272091
3231,266783
3232,270261
3233,273873
3234,267812
3235,271195
3236,267980
3237,274788
3238,266835
3239,275063
3240,274237
3241,271207
3242,270613
3243,273444
3244,273329
3245,269874
3246,274189
3247,269923
3248,268712
3249,270113
3250,271191
3251,268909
3252,271703
3253,270188
3254,270584
3255,269721
3256,267759
3257,269533
3258,272817
3259,272324
3260,272907
3261,268590
3262,272525
3263,267125
3264,269589
3265,268729
3266,269098
3267,272124
3268,271863
3269,267784
3270,270029
3271,273143
3272,266788
3273,268470
3274,270857
3275,270349
3276,273487
3277,274295
3278,274215
3279,267906
3280,270798
3281,268453
3282,274086
3283,270905
3284,269790
3285,266950
3286,273186
3287,267943
3288,269080
3289,273465
3290,270319
3291,267330
3292,268326
3293,270145
3294,269514
3295,275220
3296,268086
3297,273813
3298,274489
3299,269597
3300,267084
3301,271285
3302,269327
3303,267068
3304,270527
3305,272318
3306,270607
3307,274028
3308,271477
3309,271885
3310,268049
3311,271183
3312,273226
3313,273452
3314,274628
3315,274414
3316,271468
3317,268558
3318,274537
3319,272221
3320,272633
3321,271172
3322,274675
3323,270051
3324,274363
3325,267239
3326,273157
3327,272074
3328,273025
3329,268261
3330,275156
3331,271822
3332,268304
3333,268498
3334,267402
3335,272713
3336,268395
3337,272925
3338,271532
3339,271639
3340,272796
3341,268495
3342,272435
3343,272115
3344,271629
3345,275119
3346,267826
3347,274983
3348,267386
3349,270251
3350,271670
3351,272409
3352,268297
3353,273556
3354,273729
3355,272524
3356,274517
3357,272557
3358,272636
3359,275084
3360,271053
3361,274169
3362,274450
3363,273583
3364,271227
3365,269957
3366,269447
3367,275098
3368,270480
3369,270759
3370,272530
3371,267577
3372,275044
3373,271013
3374,271179
3375,267881
3376,267374
3377,267965
3378,270654
3379,268634
3380,270974
3381,269366
3382,272171
3383,267205
3384,272029
3385,269807
3386,274500
3387,267483
3388,269930
3389,268972
3390,273091
3391,273383
3392,271880
3393,272290
3394,272686
3395,274821
3396,268127
3397,268087
3398,270683
3399,268484
3400,274429
3401,275046
3402,272974
3403,273062
3404,274993
3405,267699
3406,273305
3407,274668
3408,271915
3409,269635
3410,274750
3411,273313
3412,272654
3413,271038
3414,273837
3415,271533
3416,267658
3417,270855
3418,267005
3419,271094
3420,270703
3421,274217
3422,269120
3423,274550
3424,273192
3425,270845
3426,270302
3427,270301
3428,269386
3429,268339
3430,273988
3431,272632
3432,275017
3433,274736
3434,271581
3435,271391
3436,270291
3437,272682
3438,266852
3439,274075
3440,269771
3441,267624
3442,270386
3443,271019
3444,268397
3445,269607
3446,271855
3447,272870
3448,272756
3449,270978
3450,270822
3451,267076
3452,269033
3453,274138
3454,267257
3455,270707
3456,273343
3457,274328
3458,270975
3459,268070
3460,273764
3461,274762
3462,272030
3463,271704
3464,266807
3465,272655
3466,272735
3467,271797
3468,273216
3469,268132
3470,270675
3471,274311
3472,272591
3473,270694
3474,269441
3475,274744
3476,273851
3477,272447
3478,270047
3479,272582
3480,271894
3481,274937
3482,269338
3483,272992
3484,269940
3485,270661
3486,274390
3487,267934
3488,273471
3489,268126
3490,268551
3491,274033
3492,269315
3493,267696
3494,272613
3495,268793
3496,272945
3497,270553
3498,271098
3499,269211
3500,269472
3501,274494
3502,272521
3503,273273
3504,267485
3505,268246
3506,274478
3507,270296
3508,267422
3509,273875
3510,273311
3511,275052
3512,269194
3513,268337
3514,274018
3515,268770
3516,272568
3517,266998
3518,269911
3519,270448
3520,271987
3521,274049
3522,269881
3523,266784
3524,271538
3525,273757
3526,273114
3527,271524
3528,269063
3529,274449
3530,269330
3531,267671
3532,270279
3533,272920
3534,275086
3535,273995
3536,271073
3537,269903
3538,273909
3539,271478
3540,267560
3541,269432
3542,269802
3543,270922
3544,272300
3545,269201
3546,272017
3547,267691
3548,271464
3549,274365
3550,269095
3551,269891
3552,266960
3553,270623
3554,275208
3555,268255
3556,273004
3557,268223
3558,266817
3559,272680
3560,273912
3561,269350
3562,270096
3563,273901
3564,267244
3565,274593
3566,272194
3567,267529
3568,270078
3569,273524
3570,269705
3571,274232
3572,269337
3573,270394
3574,267414
3575,273113
3576,268334
3577,270821
3578,269260
3579,271102
3580,269377
3581,270105
3582,271791
3583,271338
3584,267110
3585,275200
3586,270586
3587,271009
3588,270123
3589,270242
3590,272023
3591,272720
3592,275008
3593,268579
3594,269854
3595,274389
3596,274503
3597,267318
3598,271523
3599,267819
3600,273849
3601,272295
3602,270752
3603,268331
3604,267398
3605,272278
3606,273951
3607,268150
3608,273256
3609,266865
3610,270664
3611,273758
3612,271004
3613,267654
3614,271851
3615,266885
3616,269028
3617,274869
3618,271278
3619,271958
3620,272902
3621,268277
3622,269151
3623,270288
3624,269291
3625,272772
3626,271901
3627,270449
3628,269296
3629,267279
3630,274087
3631,269118
3632,269143
3633,268614
3634,268765
3635,267693
3636,270560
3637,275031
3638,273648
3639,270443
3640,272141
3641,268651
3642,271286
3643,268343
3644,275038
3645,266936
3646,270225
3647,274308
3648,272457
3649,272904
3650,271260
3651,271562
3652,273243
3653,268473
3654,273496
3655,269508
3656,274054
3657,269357
3658,274861
3659,274483
3660,274247
3661,275177
3662,268600
3663,269546
3664,269058
3665,269792
3666,271307
3667,267575
3668,268074
3669,271820
3670,274567
3671,271907
3672,271843
3673,274798
3674,271740
3675,268689
3676,273110
3677,273317
3678,272831
3679,272244
3680,274427
3681,272541
3682,270682
3683,270668
3684,268207
3685,272784
3686,269250
3687,267228
3688,271405
3689,270150
3690,269818
3691,272510
3692,271897
3693,267715
3694,269409
3695,267537
3696,275076
3697,269046
3698,267260
3699,268012
3700,267273
3701,274035
3702,275028
3703,271604
3704,267473
3705,271547
3706,268367
3707,269728
3708,267726
3709,271940
3710,272627
3711,270033
3712,270593
3713,274107
3714,273572
3715,271847
3716,273825
3717,272016
3718,268342
3719,271080
3720,269570
3721,271131
3722,270820
3723,268773
3724,269459
3725,273635
3726,273730
3727,272049
3728,274845
3729,266821
3730,267056
3731,274509
3732,270459
3733,268961
3734,272860
3735,270170
3736,271359
3737,270824
3738,270485
3739,270928
3740,271611
3741,267269
3742,274625
3743,272602
3744,274275
3745,272306
3746,273886
3747,269852
3748,268903
3749,268834
3750,272101
3751,271548
3752,271993
3753,267326
3754,268006
3755,273012
3756,267482
3757,273989
3758,274034
3759,267901
3760,273389
3761,270515
3762,268434
3763,273247
3764,272626
3765,268241
3766,268674
3767,270971
3768,275011
3769,270154
3770,270802
3771,268443
3772,270850
3773,273850
3774,267737
3775,274358
3776,274833
3777,268914
3778,274546
3779,273829
3780,273037
3781,274961
3782,274406
3783,272498
3784,269132
3785,271823
3786,268289
3787,266915
3788,273411
3789,272667
3790,274959
3791,267220
3792,273197
3793,271936
3794,273461
3795,268308
3796,269968
3797,274229
3798,272487
3799,267724
3800,273421
3801,267124
3802,273563
3803,270760
3804,268107
3805,274803
3806,267720
3807,267037
3808,267930
3809,270325
3810,270182
3811,272126
3812,274091
3813,271805
3814,275138
3815,267232
3816,272824
3817,272727
3818,269672
3819,272804
3820,269325
3821,270606
3822,271027
3823,271445
3824,273334
3825,267324
3826,271499
3827,269133
3828,269953
3829,272551
3830,272976
3831,271807
3832,272882
3833,270911
3834,269053
3835,273621
3836,272969
3837,274010
3838,270912
3839,268758
3840,274042
3841,267401
3842,270233
3843,271775
3844,268472
3845,269068
3846,269165
3847,275190
3848,270930
3849,269665
3850,269232
3851,267752
3852,273193
3853,273286
3854,267081
3855,268964
3856,270489
3857,268717
3858,267030
3859,273802
3860,273819
3861,275030
3862,274822
3863,273949
3864,274852
3865,267889
3866,272129
3867,268596
3868,270881
3869,274267
3870,266856
3871,273497
3872,269085
3873,273677
3874,270854
3875,268787
3876,268647
3877,268584
3878,273828
3879,272517
3880,272195
3881,270171
3882,275045
3883,275125
3884,267210
3885,271341
3886,269096
3887,272035
3888,272301
3889,270077
3890,268636
3891,271838
3892,268015
3893,270290
3894,268290
3895,273516
3896,267895
3897,273840
3898,268854
3899,269941
3900,269148
3901,271731
3902,274942
3903,273527
3904,271351
3905,270031
3906,270950
3907,270807
3908,270126
3909,266904
3910,268889
3911,270438
3912,272471
3913,273261
3914,268488
3915,269141
3916,270367
3917,270229
3918,268771
3919,271349
3920,267813
3921,274255
3922,267317
3923,271970
3924,272812
3925,268935
3926,269621
3927,270295
3928,267366
3929,274350
3930,271756
3931,273713
3932,268043
3933,268607
3934,272026
3935,272256
3936,272995
3937,272849
3938,268938
3939,268598
3940,271660
3941,272697
3942,270763
3943,268605
3944,267609
3945,273649
3946,271896
3947,268179
3948,266902
3949,272997
3950,272673
3951,275221
3952,272728
3953,268317
3954,268665
3955,274960
3956,268745
3957,267892
3958,271603
3959,275168
3960,266836
3961,273173
3962,269066
3963,272649
3964,272177
3965,274122
3966,273544
3967,271447
3968,274269
3969,271593
3970,273446
3971,271337
3972,267157
3973,267551
3974,275150
3975,271598
3976,270192
3977,269670
3978,271252
3979,270825
3980,274834
3981,268768
3982,271928
3983,274172
3984,267774
3985,268001
3986,267713
3987,274582
3988,270923
3989,274438
3990,274522
3991,274377
3992,268735
3993,269651
3994,272249
3995,271747
3996,272271
3997,271202
3998,269146
3999,274826
4000,271647
4001,273769
4002,270569
4003,270960
4004,272587
4005,273464
4006,267066
4007,269282
4008,268838
4009,273498
4010,271032
4011,270423
4012,269482
4013,274374
4014,268005
4015,271845
4016,272723
4017,274858
4018,274527
4019,270270
4020,274474
4021,270483
4022,267277
4023,274335
4024,272268
4025,268287
4026,272877
4027,274210
4028,267940
4029,267854
4030,270970
